error,units,activation,layers,time,train,test
0,10,relu,0,44.318039894104004,141.1325225830078,103.75589752197266
