error,units,activation,layers,time,train,test
0,10,relu,0,44.82925009727478,76.99815970972965,98.04991149902344
